GPU_Category,Vendor/Model_Title,Model_Price_IDR,Average_Category_Price_IDR
Arc B580,MAXSUN Intel ARC B580 12GB GDDR6 Milestone 12G (Bold Red Accents) - DUAL FAN - Garansi 3 Thn,4950000,5575000
Arc B580,SPARKLE Intel ARC B580 12GB GDDR6 Titan OC - BLUE BREATHING LIGHT - TRIPLE FAN - Garansi 3Thn,4950000,5575000
Arc B580,MAXSUN Intel ARC B580 12GB GDDR6 iCraft 12G (White Edition) - ARGB LIGHTING - TRIPLE FAN - Garansi 3 Thn,5850000,5575000
Arc B580,MAXSUN Intel ARC B580 12GB GDDR6 iCraft 12G (White Edition) - ARGB LIGHTING - TRIPLE FAN - Garansi 3 Thn,5850000,5575000
Arc B580,ASRock Intel ARC B580 12GB GDDR6 - Challenger 12GB OC,5875000,5575000
Arc B580,ASRock Intel ARC B580 12GB GDDR6 - Steel Legend 12GB OC,5975000,5575000
GeForce GT 1030,Biostar GeForce GT 1030 2GB DDR5 64bit,786000,1287556
GeForce GT 1030,Biostar GeForce GT 1030 4GB DDR4,915000,1287556
GeForce GT 1030,GALAX GeForce GT 1030 2GB GDDR4 - Garansi 3 Thn,1040000,1287556
GeForce GT 1030,Gigabyte GeForce GT 1030 2GB DDR4 - GV-N1030D4-2GL,1117000,1287556
GeForce GT 1030,GALAX GeForce GT 1030 2GB GDDR5 - Garansi 3 Thn,1160000,1287556
GeForce GT 1030,Inno3D Geforce GT 1030 2GB GDDR5 Heatsink - Garansi 3 Thn,1190000,1287556
GeForce GT 1030,Asus GeForce GT 1030 2GB DDR5,1540000,1287556
GeForce GT 1030,Colorful GeForce GT 1030 4GB DDR4 - 4G-V,1750000,1287556
GeForce GT 1030,MSI GeForce GT 1030 4GB DDR4 - AERO ITX 4GD4 OC,2090000,1287556
GeForce GT 730,VenomRX GeForce GT 730 4GB DDR3,615000,890000
GeForce GT 730,Asus GeForce GT 730 2GB DDR5 64 Bit,1165000,890000
GeForce GTX 1050 Ti,Arktek Geforce GTX 1050 Ti 4GB GDDR5 Fusion - DUAL FAN - Garansi 2 Thn,1880000,2226667
GeForce GTX 1050 Ti,PELADN GeForce GTX 1050 Ti 4GB GDDR5 KaiTian - DUAL FAN - Garansi 2 Thn,2300000,2226667
GeForce GTX 1050 Ti,PELADN GeForce GTX 1050 Ti 4GB GDDR5 KaiTian (White Edition) - DUAL FAN - Garansi 2 Thn,2500000,2226667
GeForce GTX 1650,VenomRX GeForce GTX 1650M 4GB GDDR5,1690000,2047000
GeForce GTX 1650,VenomRX GeForce GTX 1650M 4GB GDDR6,1725000,2047000
GeForce GTX 1650,GALAX Geforce GTX 1650 4GB GDDR6 EX PLUS (1-Click OC) - DUAL FAN - Garansi 3 Thn,2050000,2047000
GeForce GTX 1650,Inno3D GeForce GTX 1650 4GB GDDR6 TWIN X2 OC V3 - DUAL FAN - Garansi 3 Thn,2150000,2047000
GeForce GTX 1650,Asus GeForce GTX 1650 4GB DDR6-P EVO - Dual OC Edition,2620000,2047000
GeForce GTX 1660 SUPER,VenomRX GeForce GTX 1660 SUPER 6GB GDDR6,2530000,2976667
GeForce GTX 1660 SUPER,PELADN GeForce GTX 1660 SUPER 6GB GDDR6 KaiTian - DUAL FAN - Garansi 2 Thn,3200000,2976667
GeForce GTX 1660 SUPER,PELADN GeForce GTX 1660 SUPER 6GB GDDR6 KaiTian - DUAL FAN - Garansi 2 Thn,3200000,2976667
GeForce GTX 1660 Ti,Arktek Geforce GTX 1660 Ti 6GB GDDR6 Matrix - DUAL FAN - Garansi 2 Thn,2950000,3066667
GeForce GTX 1660 Ti,Arktek Geforce GTX 1660 Ti 6GB GDDR6 Matrix - DUAL FAN - Garansi 2 Thn,2950000,3066667
GeForce GTX 1660 Ti,GALAX GeForce GTX 1660 Ti 6GB GDDR6 (1-Click OC) - DUAL FAN - Garansi 3 Thn,3300000,3066667
GeForce GTX 750 Ti,VenomRX GeForce GTX 750 Ti 4GB DDR5,1180000,1180000
GeForce RTX 3050 6 GB,Gainward GeForce RTX 3050 6GB GDDR6 - Pegasus,3210000,3752231
GeForce RTX 3050 6 GB,Zotac GeForce RTX 3050 6GB GDDR6 LP - Dual Fan,3390000,3752231
GeForce RTX 3050 6 GB,PNY GeForce RTX 3050 6GB GDDR6 VERTO Dual Fan,3490000,3752231
GeForce RTX 3050 6 GB,Zotac GeForce RTX 3050 6GB GDDR6 Twin Edge OC,3585000,3752231
GeForce RTX 3050 6 GB,Colorful GeForce RTX 3050 6GB GDDR6 6GB-V,3650000,3752231
GeForce RTX 3050 6 GB,Palit GeForce RTX 3050 6GB GDDR6 StormX,3690000,3752231
GeForce RTX 3050 6 GB,Gigabyte GeForce RTX 3050 6GB GDDR6 Windforce V2 - GV-N3050WF2V2-6GD,3750000,3752231
GeForce RTX 3050 6 GB,Inno3D GeForce RTX 3050 6GB GDDR6 TWIN X2 V2 - DUAL FAN - Garansi 3 Thn,3750000,3752231
GeForce RTX 3050 6 GB,GALAX GeForce RTX 3050 6GB GDDR6 EX (1-Click OC) - DUAL FAN - Garansi 3 Thn,3800000,3752231
GeForce RTX 3050 6 GB,Gigabyte GeForce RTX 3050 6GB GDDR6 Windforce OC V2 - GV-N3050WF2OCV2-6GD,3890000,3752231
GeForce RTX 3050 6 GB,MSI GeForce RTX 3050 6GB GDDR6 - Ventus 2X E OC,4035000,3752231
GeForce RTX 3050 6 GB,Asus GeForce RTX 3050 6GB GDDR6 - Dual OC Edition,4249000,3752231
GeForce RTX 3050 6 GB,Asus GeForce RTX 3050 6GB GDDR6 - Low Profile OC Edition,4290000,3752231
GeForce RTX 3050 8 GB,Zotac GeForce RTX 3050 8GB GDDR6 ECO SOLO,3990000,4705833
GeForce RTX 3050 8 GB,Gigabyte GeForce RTX 3050 8GB GDDR6 Windforce V2 - GV-N3050WF2V2-8GD,4730000,4705833
GeForce RTX 3050 8 GB,Colorful GeForce RTX 3050 8GB GDDR6 NB DUO V2-V,4750000,4705833
GeForce RTX 3050 8 GB,Gigabyte GeForce RTX 3050 8GB GDDR6 Windforce OC V2 - GV-N3050WF2OCV2-8GD,4850000,4705833
GeForce RTX 3050 8 GB,MSI GeForce RTX 3050 8GB GDDR6 - Ventus 2X XS OC,4940000,4705833
GeForce RTX 3050 8 GB,iGame GeForce RTX 3050 8GB GDDR6 Ultra W DUO OC V2-V,4975000,4705833
GeForce RTX 3060 12 GB,PNY GeForce RTX 3060 12GB DDR6 VERTO Dual Fan LHR,4542000,5653375
GeForce RTX 3060 12 GB,MAXSUN GeForce RTX 3060 12GB GDDR6 Terminator 12G S1 - DUAL FAN - Garansi 3 Thn,4670000,5653375
GeForce RTX 3060 12 GB,Asus GeForce RTX 3060 12GB GDDR6 - Dual-V2 OC,5595000,5653375
GeForce RTX 3060 12 GB,Colorful GeForce RTX 3060 12GB GDDR6 NB DUO 12G V4 L-V,5650000,5653375
GeForce RTX 3060 12 GB,MSI GeForce RTX 3060 12GB GDDR6 - Ventus 2X OC,5750000,5653375
GeForce RTX 3060 12 GB,Inno3D GeForce RTX 3060 12GB GDDR6 TWIN X2 - DUAL FAN - Garansi 3 Thn,6050000,5653375
GeForce RTX 3060 12 GB,GALAX GeForce RTX 3060 12GB GDDR6 (1-Click OC) - DUAL FAN - Garansi 3 Thn,6150000,5653375
GeForce RTX 3060 12 GB,Gigabyte GeForce RTX 3060 12GB GDDR6 Windforce OC Rev2.0 - GV-N3060WF2OC-12GD,6820000,5653375
GeForce RTX 4060,MAXSUN GeForce RTX 4060 8GB GDDR6 Terminator B 8G - Cyber RGB - DUAL FAN - Garansi 3 Thn,5080000,5661000
GeForce RTX 4060,PNY GeForce RTX 4060 8GB GDDR6 VERTO Dual Fan,5220000,5661000
GeForce RTX 4060,PNY GeForce RTX 4060 8GB GDDR6 XLR8 Gaming VERTO OC White Dual Fan,5270000,5661000
GeForce RTX 4060,PNY GeForce RTX 4060 8GB GDDR6 XLR8 Gaming VERTO EPIC-X RGB Triple Fan,5440000,5661000
GeForce RTX 4060,MAXSUN GeForce RTX 4060 8GB GDDR6 iCraft OC 8G - Skylight RGB - TRIPLE FAN - Garansi 3 Thn,5450000,5661000
GeForce RTX 4060,Colorful GeForce RTX 4060 8GB GDDR6 DUO 8GB V5-V,5650000,5661000
GeForce RTX 4060,Colorful GeForce RTX 4060 8GB GDDR6 NB DUO-V3,5950000,5661000
GeForce RTX 4060,Gigabyte GeForce RTX 4060 8GB GDDR6 OC Low Profile - GV-N4060OC-8GL,6150000,5661000
GeForce RTX 4060,Gigabyte GeForce RTX 4060 8GB GDDR6 AERO OC - GV-N4060AERO OC-8GD,6150000,5661000
GeForce RTX 4060,MSI GeForce RTX 4060 8GB GDDR6 - Ventus 2X BLACK 8G OC,6250000,5661000
GeForce RTX 4060 Ti 8 GB,Asus GeForce RTX 4060 8GB GDDR6 - Low Profile OC Edition,5153000,6509818
GeForce RTX 4060 Ti 8 GB,MAXSUN GeForce RTX 4060 8GB GDDR6 Terminator W 8G White Edition - Cyber RGB - DUAL FAN - Garansi 3 Thn,5180000,6509818
GeForce RTX 4060 Ti 8 GB,MAXSUN GeForce RTX 4060 8GB GDDR6 iCraft OC 8G Limited X2 (White Edition) - Skylight RGB - DUAL FAN - Garansi 3 Thn,5500000,6509818
GeForce RTX 4060 Ti 8 GB,MAXSUN GeForce RTX 4060 8GB GDDR6 iCraft OC 8G Limited (White Edition) - Skylight RGB - TRIPLE FAN - Garansi 3 Thn,5700000,6509818
GeForce RTX 4060 Ti 8 GB,MAXSUN GeForce RTX 4060 Ti 8GB GDDR6 Terminator B 8G - Cyber RGB - DUAL FAN - Garansi 3 Thn,6850000,6509818
GeForce RTX 4060 Ti 8 GB,MAXSUN GeForce RTX 4060 Ti 8GB GDDR6 Terminator W 8G White Edition - Cyber RGB - DUAL FAN - Garansi 3 Thn,6880000,6509818
GeForce RTX 4060 Ti 8 GB,MAXSUN GeForce RTX 4060 Ti 8GB GDDR6 iCraft OC 8G Limited X2 (White Edition) - Skylight RGB - DUAL FAN - Garansi 3 Thn,6950000,6509818
GeForce RTX 4060 Ti 8 GB,MAXSUN GeForce RTX 4060 Ti 8GB GDDR6 iCraft OC 8G - Skylight RGB - TRIPLE FAN - Garansi 3 Thn,7100000,6509818
GeForce RTX 4060 Ti 8 GB,MAXSUN GeForce RTX 4060 Ti 8GB GDDR6 iCraft OC 8G Limited (White Edition) - Skylight RGB - TRIPLE FAN - Garansi 3 Thn,7250000,6509818
GeForce RTX 4060 Ti 8 GB,MSI GeForce RTX 4060 Ti 8GB GDDR6 - Ventus 2X BLACK 8G OC,7450000,6509818
GeForce RTX 4060 Ti 8 GB,Asus GeForce RTX 4060 Ti 8GB GDDR6 - PRIME OC Edition,7595000,6509818
GeForce RTX 4070,MAXSUN GeForce RTX 4070 12GB GDDR6X iCraft OC 12G - Skylight RGB - TRIPLE FAN - Garansi 3 Thn,10500000,10500000
GeForce RTX 4070 SUPER,PNY GeForce RTX 4070 SUPER 12GB GDDR6X VERTO OC Dual Fan,9560000,10336667
GeForce RTX 4070 SUPER,PNY GeForce RTX 4070 SUPER 12GB GDDR6X XLR8 Gaming VERTO EPIC-X RGB OC Triple Fan,10250000,10336667
GeForce RTX 4070 SUPER,MAXSUN GeForce RTX 4070 SUPER 12GB GDDR6X iCraft OC 12G - Skylight RGB - TRIPLE FAN - Garansi 3 Thn,11200000,10336667
GeForce RTX 4070 Ti,MAXSUN GeForce RTX 4070 12GB GDDR6X Terminator W 12G White Edition - DUAL FAN - Cyber RGB - Garansi 3 Thn,9900000,12083333
GeForce RTX 4070 Ti,PNY GeForce RTX 4070 Ti 12GB GDDR6X XLR8 Gaming VERTO EPIC-X RGB OC Triple Fan,12550000,12083333
GeForce RTX 4070 Ti,MAXSUN GeForce RTX 4070 Ti 12GB GDDR6X iCraft OC 12G - Skylight RGB - TRIPLE FAN - Garansi 3 Thn,13800000,12083333
GeForce RTX 4070 Ti SUPER,MAXSUN GeForce RTX 4070 SUPER 12GB GDDR6X iCraft OC 12G Limited (White Edition) - Skylight RGB - TRIPLE FAN - Garansi 3 Thn,11500000,11500000
GeForce RTX 4080 SUPER,PNY GeForce RTX 4080 SUPER 16GB GDDR6X VERTO OC Triple Fan,18420000,18685000
GeForce RTX 4080 SUPER,PNY GeForce RTX 4080 SUPER 16GB GDDR6X XLR8 Gaming VERTO EPIC-X RGB OC Triple Fan,18950000,18685000
GeForce RTX 5050,Manli GeForce RTX 5050 8GB GDDR6 Nebula Dual Fan,4505000,5480682
GeForce RTX 5050,Manli GeForce RTX 5050 8GB GDDR6 Polar Fox OC Dual Fan,4680000,5480682
GeForce RTX 5050,GALAX GeForce RTX 5050 8GB GDDR6 (1-Click OC) - Lighting EFFECT - DUAL FAN - Garansi 3 Thn,4720000,5480682
GeForce RTX 5050,Palit GeForce RTX 5050 8GB GDDR6 StormX,4820000,5480682
GeForce RTX 5050,GALAX GeForce RTX 5050 8GB GDDR6 (1-Click OC) WHITE EDITION - Lighting EFFECT - DUAL FAN - Garansi 3 Thn,4850000,5480682
GeForce RTX 5050,Palit GeForce RTX 5050 8GB GDDR6 Dual,4920000,5480682
GeForce RTX 5050,Zotac GeForce RTX 5050 8GB GDDR6 SOLO,5229000,5480682
GeForce RTX 5050,PNY GeForce RTX 5050 8GB GDDR6 Dual Fan,5250000,5480682
GeForce RTX 5050,Gainward GeForce RTX 5050 8GB GDDR6 - Ghost,5329000,5480682
GeForce RTX 5050,Zotac GeForce RTX 5050 8GB GDDR6 Twin Edge OC,5480000,5480682
GeForce RTX 5050,Gigabyte GeForce RTX 5050 8GB GDDR6 OC Low Profile - GV-N5050OC-8GL,5587000,5480682
GeForce RTX 5050,Inno3D GeForce RTX 5050 8GB GDDR6 TWIN X2 - DUAL FAN - Garansi 3 Thn,5650000,5480682
GeForce RTX 5050,Zotac GeForce RTX 5050 8GB GDDR6 Twin Edge OC White,5655000,5480682
GeForce RTX 5050,Gigabyte GeForce RTX 5050 8GB GDDR6 WindForce OC - GV-N5050WF2OC-8GD,5729000,5480682
GeForce RTX 5050,MSI GeForce RTX 5050 8GB GDDR6 - Shadow 2X OC,5770000,5480682
GeForce RTX 5050,MSI GeForce RTX 5050 8GB GDDR6 - Ventus 2X OC,5870000,5480682
GeForce RTX 5050,Colorful GeForce RTX 5050 8GB GDDR6 Battle AX DUO 8GB-V,5900000,5480682
GeForce RTX 5050,Gigabyte GeForce RTX 5050 8GB GDDR6 Gaming OC - GV-N5050GAMING OC-8GD,5953000,5480682
GeForce RTX 5050,MSI GeForce RTX 5050 8GB GDDR6 - Gaming OC,5970000,5480682
GeForce RTX 5050,Asus GeForce RTX 5050 8GB GDDR6 Dual OC Edition,6039000,5480682
GeForce RTX 5050,iGame GeForce RTX 5050 8GB GDDR6 Ultra W DUO OC 8GB-V,6310000,5480682
GeForce RTX 5050,Asus GeForce RTX 5050 8GB GDDR6 PRIME OC Edition,6359000,5480682
GeForce RTX 5060,PNY GeForce RTX 5060 8GB GDDR7 OC Dual Fan,5950000,6766500
GeForce RTX 5060,Zotac GeForce RTX 5060 8GB GDDR7 SOLO,6245000,6766500
GeForce RTX 5060,PNY GeForce RTX 5060 8GB GDDR7 ARGB EPIC-X RGB OC Triple Fan,6350000,6766500
GeForce RTX 5060,Colorful GeForce RTX 5060 8GB GDDR7 Gaming DUO 8GB-V,6470000,6766500
GeForce RTX 5060,Gigabyte GeForce RTX 5060 8GB GDDR7 WindForce - GV-N5060WF2-8GD,6490000,6766500
GeForce RTX 5060,Manli GeForce RTX 5060 8GB GDDR7 Nebula Dual Fan,6490000,6766500
GeForce RTX 5060,Gainward GeForce RTX 5060 8GB GDDR7 - Ghost,6499000,6766500
GeForce RTX 5060,Gigabyte GeForce RTX 5060 8GB GDDR7 OC Low Profile - GV-N5060OC-8GL,6550000,6766500
GeForce RTX 5060,Colorful GeForce RTX 5060 8GB GDDR7 Battle AX DUO 8GB-V,6620000,6766500
GeForce RTX 5060,Zotac GeForce RTX 5060 8GB GDDR7 Twin Edge OC,6625000,6766500
GeForce RTX 5060,Palit GeForce RTX 5060 8GB GDDR7 Dual,6630000,6766500
GeForce RTX 5060,Palit GeForce RTX 5060 8GB GDDR7 Infinity 2 OC,6660000,6766500
GeForce RTX 5060,Gigabyte GeForce RTX 5060 8GB GDDR7 WindForce OC - GV-N5060WF2OC-8GD,6690000,6766500
GeForce RTX 5060,Gainward GeForce RTX 5060 8GB GDDR7 - Ghost OC,6699000,6766500
GeForce RTX 5060,MSI GeForce RTX 5060 8GB GDDR7 - Shadow 2X OC,6722000,6766500
GeForce RTX 5060,Zotac GeForce RTX 5060 8GB GDDR7 Twin Edge OC White,6750000,6766500
GeForce RTX 5060,Gigabyte GeForce RTX 5060 8GB GDDR7 Eagle OC - GV-N5060EAGLE OC-8GD,6790000,6766500
GeForce RTX 5060,Gigabyte GeForce RTX 5060 8GB GDDR7 WindForce Max OC - GV-N5060WF2MAX OC-8GD,6790000,6766500
GeForce RTX 5060,Zotac GeForce RTX 5060 8GB GDDR7 AMP,6799000,6766500
GeForce RTX 5060,MSI GeForce RTX 5060 8GB GDDR7 - Ventus 2X OC,6820000,6766500
GeForce RTX 5060,Inno3D GeForce RTX 5060 8GB GDDR7 TWIN X2 - DUAL FAN - Garansi 3 Thn,6850000,6766500
GeForce RTX 5060,Inno3D GeForce RTX 5060 8GB GDDR7 TWIN X2 - DUAL FAN - Garansi 3 Thn,6850000,6766500
GeForce RTX 5060,Gigabyte GeForce RTX 5060 8GB GDDR7 Gaming OC - GV-N5060GAMING OC-8GD,6890000,6766500
GeForce RTX 5060,Gigabyte GeForce RTX 5060 8GB GDDR7 Eagle OC ICE - GV-N5060EAGLEOC ICE-8GD,6890000,6766500
GeForce RTX 5060,MSI GeForce RTX 5060 8GB GDDR7 - Ventus 2X OC White,6920000,6766500
GeForce RTX 5060,MSI GeForce RTX 5060 8GB GDDR7 - Inspire 2X OC,6920000,6766500
GeForce RTX 5060,Palit GeForce RTX 5060 8GB GDDR7 White OC,6920000,6766500
GeForce RTX 5060,Inno3D GeForce RTX 5060 8GB GDDR7 TWIN X2 OC V2 - DUAL FAN - Garansi 3 Thn,6950000,6766500
GeForce RTX 5060,Inno3D GeForce RTX 5060 8GB GDDR7 TWIN X2 OC - DUAL FAN - Garansi 3 Thn,6950000,6766500
GeForce RTX 5060,Inno3D GeForce RTX 5060 8GB GDDR7 TWIN X2 OC - DUAL FAN - Garansi 3 Thn,6950000,6766500
GeForce RTX 5060,Inno3D GeForce RTX 5060 8GB GDDR7 TWIN X2 OC V2 - DUAL FAN - Garansi 3 Thn,6950000,6766500
GeForce RTX 5060,Gigabyte GeForce RTX 5060 8GB GDDR7 Aero OC - GV-N5060AERO OC-8GD,6990000,6766500
GeForce RTX 5060,MSI GeForce RTX 5060 8GB GDDR7 - Ventus 3X OC,7070000,6766500
GeForce RTX 5060,iGame GeForce RTX 5060 8GB GDDR7 Ultra W OC 8GB-V,7095000,6766500
GeForce RTX 5060,MSI GeForce RTX 5060 8GB GDDR7 - Gaming OC,7270000,6766500
GeForce RTX 5060,Gigabyte GeForce RTX 5060 8GB GDDR7 Aorus Elite - GV-N5060AORUS E-8GD,7490000,6766500
GeForce RTX 5060 Ti 16 GB,Palit GeForce RTX 5060 Ti 16GB GDDR7 White OC,8250000,10630000
GeForce RTX 5060 Ti 16 GB,PNY GeForce RTX 5060 Ti 16GB GDDR7 Dual Fan,9650000,10630000
GeForce RTX 5060 Ti 16 GB,Gainward GeForce RTX 5060 Ti 16GB GDDR7 - Python III OC,9790000,10630000
GeForce RTX 5060 Ti 16 GB,Gigabyte GeForce RTX 5060 Ti 16GB GDDR7 WindForce - GV-N506TWF2-16GD,9890000,10630000
GeForce RTX 5060 Ti 16 GB,Inno3D GeForce RTX 5060 Ti 16GB GDDR7 TWIN X2 - DUAL FAN - Garansi 3 Thn,9990000,10630000
GeForce RTX 5060 Ti 16 GB,Gigabyte GeForce RTX 5060 Ti 16GB GDDR7 WindForce OC - GV-N506TWF2OC-16GD,9990000,10630000
GeForce RTX 5060 Ti 16 GB,Inno3D GeForce RTX 5060 Ti 16GB GDDR7 TWIN X2 - DUAL FAN - Garansi 3 Thn,9990000,10630000
GeForce RTX 5060 Ti 16 GB,Zotac GeForce RTX 5060 Ti 16GB GDDR7 Twin Edge,9990000,10630000
GeForce RTX 5060 Ti 16 GB,PNY GeForce RTX 5060 Ti 16GB GDDR7 OC Dual Fan,10050000,10630000
GeForce RTX 5060 Ti 16 GB,Gigabyte GeForce RTX 5060 Ti 16GB GDDR7 Eagle OC - GV-N506TEAGLE OC-16GD,10090000,10630000
GeForce RTX 5060 Ti 16 GB,Palit GeForce RTX 5060 Ti 16GB GDDR7 Infinity 3,10350000,10630000
GeForce RTX 5060 Ti 16 GB,GALAX GeForce RTX 5060 Ti 16GB GDDR7 (1-Click OC) V2 - Lighting EFFECT - DUAL FAN - Garansi 3 Thn,10450000,10630000
GeForce RTX 5060 Ti 16 GB,Inno3D GeForce RTX 5060 Ti 16GB GDDR7 TWIN X2 OC - DUAL FAN - Garansi 3 Thn,10550000,10630000
GeForce RTX 5060 Ti 16 GB,Inno3D GeForce RTX 5060 Ti 16GB GDDR7 TWIN X2 OC - DUAL FAN - Garansi 3 Thn,10550000,10630000
GeForce RTX 5060 Ti 16 GB,Inno3D GeForce RTX 5060 Ti 16GB GDDR7 TWIN X2 OC WHITE - DUAL FAN - Garansi 3 Thn,10750000,10630000
GeForce RTX 5060 Ti 16 GB,Palit GeForce RTX 5060 Ti 16GB GDDR7 Infinity 3 OC,10750000,10630000
GeForce RTX 5060 Ti 16 GB,Zotac GeForce RTX 5060 Ti 16GB GDDR7 Twin Edge OC,10800000,10630000
GeForce RTX 5060 Ti 16 GB,Asus GeForce RTX 5060 Ti 16GB GDDR7 Dual OC Edition,10900000,10630000
GeForce RTX 5060 Ti 16 GB,Zotac GeForce RTX 5060 Ti 16GB GDDR7 Twin Edge OC White,10950000,10630000
GeForce RTX 5060 Ti 16 GB,Gigabyte GeForce RTX 5060 Ti 16GB GDDR7 Aero OC - GV-N506TAERO OC-16GD,11050000,10630000
GeForce RTX 5060 Ti 16 GB,Colorful GeForce RTX 5060 Ti 16GB GDDR7 Battle AX DUO 16GB-V,11250000,10630000
GeForce RTX 5060 Ti 16 GB,Colorful GeForce RTX 5060 Ti 16GB GDDR7 Gaming DUO 16GB-V,11250000,10630000
GeForce RTX 5060 Ti 16 GB,MSI GeForce RTX 5060 Ti 16GB GDDR7 - Shadow 2X OC PLUS,11250000,10630000
GeForce RTX 5060 Ti 16 GB,MSI GeForce RTX 5060 Ti 16GB GDDR7 - Ventus 2X OC PLUS,11350000,10630000
GeForce RTX 5060 Ti 16 GB,Gigabyte GeForce RTX 5060 Ti 16GB GDDR7 Aorus Elite - GV-N506TAORUS E-16GD,11490000,10630000
GeForce RTX 5060 Ti 16 GB,Asus GeForce RTX 5060 Ti 16GB GDDR7 PRIME OC Edition,11510000,10630000
GeForce RTX 5060 Ti 16 GB,iGame GeForce RTX 5060 Ti 16GB GDDR7 Ultra W DUO OC 16GB-V,11750000,10630000
GeForce RTX 5060 Ti 16 GB,Gigabyte GeForce RTX 5060 Ti 16GB GDDR7 Gaming OC - GV-N506TGAMING OC-16GD,11790000,10630000
GeForce RTX 5060 Ti 16 GB,Gigabyte GeForce RTX 5060 Ti 16GB GDDR7 Eagle OC ICE - GV-N506TEAGLEOC ICE-16GD,11850000,10630000
GeForce RTX 5060 Ti 8 GB,GALAX GeForce RTX 5060 8GB GDDR7 (1-Click OC) V2 - Lighting EFFECT - DUAL FAN - Garansi 3 Thn,6850000,7944400
GeForce RTX 5060 Ti 8 GB,GALAX GeForce RTX 5060 8GB GDDR7 (1-Click OC) V2 - Lighting EFFECT - DUAL FAN - Garansi 3 Thn,6850000,7944400
GeForce RTX 5060 Ti 8 GB,GALAX GeForce RTX 5060 8GB GDDR7 (1-Click OC) WHITE V2 - Lighting EFFECT - DUAL FAN - Garansi 3 Thn,6950000,7944400
GeForce RTX 5060 Ti 8 GB,Asus GeForce RTX 5060 8GB GDDR7 Dual OC Edition,6970000,7944400
GeForce RTX 5060 Ti 8 GB,GALAX GeForce RTX 5060 8GB GDDR7 EX (1-Click OC) - ARGB LIGHTING OVERHAUL - DUAL FAN - Garansi 3 Thn,7050000,7944400
GeForce RTX 5060 Ti 8 GB,GALAX GeForce RTX 5060 8GB GDDR7 EX (1-Click OC) WHITE EDITION - ARGB LIGHTING OVERHAUL - DUAL FAN - Garansi 3 Thn,7150000,7944400
GeForce RTX 5060 Ti 8 GB,Asus GeForce RTX 5060 8GB GDDR7 Dual White OC Edition,7150000,7944400
GeForce RTX 5060 Ti 8 GB,Colorful GeForce RTX 5060 Ti 8GB GDDR7 Battle AX DUO 8GB-V,7220000,7944400
GeForce RTX 5060 Ti 8 GB,Asus GeForce RTX 5060 8GB GDDR7 LP BRK OC Edition,7295000,7944400
GeForce RTX 5060 Ti 8 GB,Gainward GeForce RTX 5060 Ti 8GB GDDR7 - Ghost,7295000,7944400
GeForce RTX 5060 Ti 8 GB,Asus GeForce RTX 5060 8GB GDDR7 PRIME OC Edition,7370000,7944400
GeForce RTX 5060 Ti 8 GB,PNY GeForce RTX 5060 Ti 8GB GDDR7 OC Dual Fan,7650000,7944400
GeForce RTX 5060 Ti 8 GB,Zotac GeForce RTX 5060 Ti 8GB GDDR7 Twin Edge OC,7679000,7944400
GeForce RTX 5060 Ti 8 GB,Gigabyte GeForce RTX 5060 Ti 8GB GDDR7 WindForce - GV-N506TWF2-8GD,7790000,7944400
GeForce RTX 5060 Ti 8 GB,Palit GeForce RTX 5060 Ti 8GB GDDR7 Dual,7790000,7944400
GeForce RTX 5060 Ti 8 GB,Palit GeForce RTX 5060 Ti 8GB GDDR7 White OC,7790000,7944400
GeForce RTX 5060 Ti 8 GB,Gigabyte GeForce RTX 5060 Ti 8GB GDDR7 WindForce OC - GV-N506TWF2OC-8GD,7890000,7944400
GeForce RTX 5060 Ti 8 GB,Asus GeForce RTX 5060 8GB GDDR7 TUF Gaming OC Edition,7915000,7944400
GeForce RTX 5060 Ti 8 GB,iGame GeForce RTX 5060 Ti 8GB GDDR7 Ultra W DUO OC 8GB-V,7920000,7944400
GeForce RTX 5060 Ti 8 GB,Inno3D GeForce RTX 5060 Ti 8GB GDDR7 TWIN X2 - DUAL FAN - Garansi 3 Thn,7950000,7944400
GeForce RTX 5060 Ti 8 GB,Inno3D GeForce RTX 5060 Ti 8GB GDDR7 TWIN X2 - DUAL FAN - Garansi 3 Thn,7950000,7944400
GeForce RTX 5060 Ti 8 GB,GALAX GeForce RTX 5060 Ti 8GB GDDR7 (1-Click OC) V2 - Lighting EFFECT - DUAL FAN - Garansi 3 Thn,8050000,7944400
GeForce RTX 5060 Ti 8 GB,GALAX GeForce RTX 5060 Ti 8GB GDDR7 (1-Click OC) V2 - Lighting EFFECT - DUAL FAN - Garansi 3 Thn,8050000,7944400
GeForce RTX 5060 Ti 8 GB,iGame GeForce RTX 5060 Ti 8GB GDDR7 Ultra W OC 8GB-V,8120000,7944400
GeForce RTX 5060 Ti 8 GB,GALAX GeForce RTX 5060 Ti 8GB GDDR7 (1-Click OC) WHITE EDITION - Lighting EFFECT - DUAL FAN - Garansi 3 Thn,8150000,7944400
GeForce RTX 5060 Ti 8 GB,Gigabyte GeForce RTX 5060 Ti 8GB GDDR7 Eagle OC - GV-N506TEAGLE OC-8GD,8150000,7944400
GeForce RTX 5060 Ti 8 GB,MSI GeForce RTX 5060 Ti 8GB GDDR7 - Ventus 2X PLUS,8150000,7944400
GeForce RTX 5060 Ti 8 GB,MSI GeForce RTX 5060 Ti 8GB GDDR7 - Shadow 2X OC PLUS,8150000,7944400
GeForce RTX 5060 Ti 8 GB,GALAX GeForce RTX 5060 Ti 8GB GDDR7 EX (1-Click OC) - ARGB LIGHTING OVERHAUL - DUAL FAN - Garansi 3 Thn,8250000,7944400
GeForce RTX 5060 Ti 8 GB,MSI GeForce RTX 5060 Ti 8GB GDDR7 - Ventus 2X OC PLUS,8250000,7944400
GeForce RTX 5060 Ti 8 GB,Gigabyte GeForce RTX 5060 Ti 8GB GDDR7 Eagle OC ICE - GV-N506TEAGLEOC ICE-8GD,8290000,7944400
GeForce RTX 5060 Ti 8 GB,Inno3D GeForce RTX 5060 Ti 8GB GDDR7 TWIN X2 OC - DUAL FAN - Garansi 3 Thn,8330000,7944400
GeForce RTX 5060 Ti 8 GB,Inno3D GeForce RTX 5060 Ti 8GB GDDR7 TWIN X2 OC - DUAL FAN - Garansi 3 Thn,8330000,7944400
GeForce RTX 5060 Ti 8 GB,Manli GeForce RTX 5060 Ti 8GB GDDR7 Nebula Dual Fan,8330000,7944400
GeForce RTX 5060 Ti 8 GB,GALAX GeForce RTX 5060 Ti 8GB GDDR7 EX (1-Click OC) WHITE EDITION - ARGB LIGHTING OVERHAUL - DUAL FAN - Garansi 3 Thn,8350000,7944400
GeForce RTX 5060 Ti 8 GB,Gigabyte GeForce RTX 5060 Ti 8GB GDDR7 Gaming OC - GV-N506TGAMING OC-8GD,8350000,7944400
GeForce RTX 5060 Ti 8 GB,MSI GeForce RTX 5060 Ti 8GB GDDR7 - Ventus 2X OC White PLUS,8350000,7944400
GeForce RTX 5060 Ti 8 GB,MSI GeForce RTX 5060 Ti 8GB GDDR7 - Ventus 3X OC,8450000,7944400
GeForce RTX 5060 Ti 8 GB,Asus GeForce RTX 5060 Ti 8GB GDDR7 Dual OC Edition,8517000,7944400
GeForce RTX 5060 Ti 8 GB,Inno3D GeForce RTX 5060 Ti 8GB GDDR7 TWIN X2 OC WHITE - DUAL FAN - Garansi 3 Thn,8550000,7944400
GeForce RTX 5060 Ti 8 GB,MSI GeForce RTX 5060 Ti 8GB GDDR7 - Inspire 2X OC,8550000,7944400
GeForce RTX 5060 Ti 8 GB,Gigabyte GeForce RTX 5060 Ti 8GB GDDR7 Aero OC -  GV-N506TAERO OC-8GD,8590000,7944400
GeForce RTX 5060 Ti 8 GB,Asus GeForce RTX 5060 Ti 8GB GDDR7 PRIME OC Edition,8817000,7944400
GeForce RTX 5060 Ti 8 GB,MSI GeForce RTX 5060 Ti 8GB GDDR7 - Gaming OC,8850000,7944400
GeForce RTX 5060 Ti 8 GB,MSI GeForce RTX 5060 Ti 8GB GDDR7 - Gaming TRIO OC White,9050000,7944400
GeForce RTX 5070,PNY GeForce RTX 5070 12GB GDDR7 Triple Fan,11190000,12956452
GeForce RTX 5070,PNY GeForce RTX 5070 12GB GDDR7 ARGB EPIC-X RGB OC Triple Fan,11490000,12956452
GeForce RTX 5070,Gainward GeForce RTX 5070 12GB GDDR7 - Python III,11690000,12956452
GeForce RTX 5070,Inno3D GeForce RTX 5070 12GB GDDR7 TWIN X2 - DUAL FAN - Garansi 3 Thn,11800000,12956452
GeForce RTX 5070,Inno3D GeForce RTX 5070 12GB GDDR7 TWIN X2 - DUAL FAN - Garansi 3 Thn,11800000,12956452
GeForce RTX 5070,Zotac GeForce RTX 5070 12GB GDDR7 Twin Edge OC,11859000,12956452
GeForce RTX 5070,Gainward GeForce RTX 5070 12GB GDDR7 - Python III OC,11900000,12956452
GeForce RTX 5070,Inno3D GeForce RTX 5070 12GB GDDR7 TWIN X2 OC - DUAL FAN - Garansi 3 Thn,11950000,12956452
GeForce RTX 5070,Gigabyte GeForce RTX 5070 12GB GDDR7 WindForce SFF - GV-N5070WF3-12GD,12390000,12956452
GeForce RTX 5070,Zotac GeForce RTX 5070 12GB GDDR7 SOLID OC,12450000,12956452
GeForce RTX 5070,Gigabyte GeForce RTX 5070 12GB GDDR7 Windforce OC SFF - GV-N5070WF3OC-12GD,12490000,12956452
GeForce RTX 5070,MSI GeForce RTX 5070 12GB GDDR7 - Shadow 2X OC,12490000,12956452
GeForce RTX 5070,Palit GeForce RTX 5070 12GB GDDR7 White OC,12490000,12956452
GeForce RTX 5070,Palit GeForce RTX 5070 12GB GDDR7 Infinity 3,12490000,12956452
GeForce RTX 5070,MSI GeForce RTX 5070 12GB GDDR7 - Ventus 2X OC,12590000,12956452
GeForce RTX 5070,Colorful GeForce RTX 5070 12GB GDDR7 Gaming 12GB-V,12690000,12956452
GeForce RTX 5070,Colorful GeForce RTX 5070 12GB GDDR7 NB EX 12GB-V,12690000,12956452
GeForce RTX 5070,MSI GeForce RTX 5070 12GB GDDR7 - Ventus 2X OC White,12850000,12956452
GeForce RTX 5070,Inno3D GeForce RTX 5070 12GB GDDR7 TWIN X2 OC WHITE - DUAL FAN - Garansi 3 Thn,12950000,12956452
GeForce RTX 5070,Zotac GeForce RTX 5070 12GB GDDR7 AMP White,12979000,12956452
GeForce RTX 5070,iGame GeForce RTX 5070 12GB GDDR7 Ultra W OC 12GB-V,13200000,12956452
GeForce RTX 5070,Palit GeForce RTX 5070 12GB GDDR7 GamingPro,13320000,12956452
GeForce RTX 5070,Inno3D GeForce RTX 5070 12GB GDDR7 X3 OC - Enormous Cooler with TRIPLE FAN - Garansi 3 Thn,13500000,12956452
GeForce RTX 5070,MSI GeForce RTX 5070 12GB GDDR7 - Gaming TRIO OC,13602000,12956452
GeForce RTX 5070,Gigabyte GeForce RTX 5070 12GB GDDR7 Eagle OC SFF - GV-N5070EAGLE OC-12GD,14050000,12956452
GeForce RTX 5070,MSI GeForce RTX 5070 12GB GDDR7 - Vanguard SOC,14140000,12956452
GeForce RTX 5070,Gigabyte GeForce RTX 5070 12GB GDDR7 Eagle OC ICE SFF - GV-N5070EAGLEOC ICE-12GD,14250000,12956452
GeForce RTX 5070,Gigabyte GeForce RTX 5070 12GB GDDR7 Aero OC - GV-N5070AERO OC-12GD,14790000,12956452
GeForce RTX 5070,Gigabyte GeForce RTX 5070 12GB GDDR7 Gaming OC - GV-N5070GAMING OC-12GD,14790000,12956452
GeForce RTX 5070,Gigabyte GeForce RTX 5070 12GB GDDR7 Aorus Master - GV-N5070AORUS M-12GD,15050000,12956452
GeForce RTX 5070,iGame GeForce RTX 5070 12GB GDDR7 Vulcan OC 12GB-V,15730000,12956452
GeForce RTX 5070 Ti,GALAX GeForce RTX 5070 12GB GDDR7 (1-Click OC) - Lighting EFFECT - DUAL FAN - Garansi 3 Thn,11900000,17224308
GeForce RTX 5070 Ti,Asus GeForce RTX 5070 12GB GDDR7 Dual OC Edition,12979000,17224308
GeForce RTX 5070 Ti,Asus GeForce RTX 5070 12GB GDDR7 PRIME OC Edition,13395000,17224308
GeForce RTX 5070 Ti,Asus GeForce RTX 5070 12GB GDDR7 PRIME White OC Edition,13755000,17224308
GeForce RTX 5070 Ti,Asus GeForce RTX 5070 12GB GDDR7 TUF Gaming OC Edition,14045000,17224308
GeForce RTX 5070 Ti,MSI GeForce RTX 5070 12GB GDDR7 World of Warcraft Midnight Void Edition OC,14090000,17224308
GeForce RTX 5070 Ti,MSI GeForce RTX 5070 12GB GDDR7 World of Warcraft Midnight Light Edition OC,14090000,17224308
GeForce RTX 5070 Ti,Palit GeForce RTX 5070 Ti 16GB GDDR7 GamingPro S,14450000,17224308
GeForce RTX 5070 Ti,Asus GeForce RTX 5070 12GB GDDR7 ROG Strix OC Edition,14750000,17224308
GeForce RTX 5070 Ti,Gainward GeForce RTX 5070 Ti 16GB GDDR7 - Phoenix-S,15985000,17224308
GeForce RTX 5070 Ti,GALAX GeForce RTX 5070 Ti 16GB GDDR7 (1-Click OC) - ARGB LIGHTING OVERHAUL - TRIPLE FAN - Garansi 3 Thn,16210000,17224308
GeForce RTX 5070 Ti,Gainward GeForce RTX 5070 Ti 16GB GDDR7 - Phantom,16510000,17224308
GeForce RTX 5070 Ti,Gainward GeForce RTX 5070 Ti 16GB GDDR7 - Phoenix-S GS,16690000,17224308
GeForce RTX 5070 Ti,GALAX GeForce RTX 5070 Ti 16GB GDDR7 EX GAMER (1-Click OC) WHITE EDITION - ARGB LIGHTING OVERHAUL - TRIPLE FAN - Garansi 3 Thn,16749000,17224308
GeForce RTX 5070 Ti,Zotac GeForce RTX 5070 Ti 16GB GDDR7 SOLID SFF OC,16995000,17224308
GeForce RTX 5070 Ti,Inno3D GeForce RTX 5070 Ti 16GB GDDR7 X3 - Enormous Cooler with TRIPLE FAN - Garansi 3 Thn,17250000,17224308
GeForce RTX 5070 Ti,GALAX GeForce RTX 5070 Ti 16GB GDDR7 HOF BLACK EDITION - ARGB EFFECT - TRIPLE FAN - Garansi 3 Thn,17300000,17224308
GeForce RTX 5070 Ti,GALAX GeForce RTX 5070 Ti 16GB GDDR7 HOF WHITE EDITION - ARGB EFFECT - TRIPLE FAN - Garansi 3 Thn,17500000,17224308
GeForce RTX 5070 Ti,Zotac GeForce RTX 5070 Ti 16GB GDDR7 SOLID CORE OC,17580000,17224308
GeForce RTX 5070 Ti,Gigabyte GeForce RTX 5070 Ti 16GB GDDR7 WindForce SFF - GV-N507TWF3-16GD,17650000,17224308
GeForce RTX 5070 Ti,Gigabyte GeForce RTX 5070 Ti 16GB GDDR7 WindForce OC SFF - GV-N507TWF3OC-16GD,17850000,17224308
GeForce RTX 5070 Ti,Inno3D GeForce RTX 5070 Ti 16GB GDDR7 X3 OC - Enormous Cooler with TRIPLE FAN - Garansi 3 Thn,17895000,17224308
GeForce RTX 5070 Ti,Zotac GeForce RTX 5070 Ti 16GB GDDR7 SOLID CORE OC White,17960000,17224308
GeForce RTX 5070 Ti,Zotac GeForce RTX 5070 Ti 16GB GDDR7 SOLID OC,17960000,17224308
GeForce RTX 5070 Ti,MSI GeForce RTX 5070 Ti 16GB GDDR7 - Shadow 3X OC,17990000,17224308
GeForce RTX 5070 Ti,Inno3D GeForce RTX 5070 Ti 16GB GDDR7 X3 OC WHITE - Enormous Cooler with TRIPLE FAN - Garansi 3 Thn,18000000,17224308
GeForce RTX 5070 Ti,Asus GeForce RTX 5070 Ti 16GB GDDR7 PRIME OC Edition,18550000,17224308
GeForce RTX 5070 Ti,Gigabyte GeForce RTX 5070 Ti 16GB GDDR7 Eagle OC SFF - GV-N507TEAGLE OC-16GD,18690000,17224308
GeForce RTX 5070 Ti,Colorful GeForce RTX 5070 Ti 16GB GDDR7 NB EX 16GB-V,18770000,17224308
GeForce RTX 5070 Ti,Gigabyte GeForce RTX 5070 Ti 16GB GDDR7 Eagle OC ICE SFF - GV-N507TEAGLEOC ICE-16GD,18790000,17224308
GeForce RTX 5070 Ti,iGame GeForce RTX 5070 Ti 16GB GDDR7 Ultra W OC 16GB-V,19270000,17224308
GeForce RTX 5070 Ti,Gigabyte GeForce RTX 5070 Ti 16GB GDDR7 Gaming OC - GV-N507TGAMING OC-16GD,19550000,17224308
GeForce RTX 5070 Ti,Gigabyte GeForce RTX 5070 Ti 16GB GDDR7 Aero OC - GV-N507TAERO OC-16GD,19750000,17224308
GeForce RTX 5070 Ti,Asus GeForce RTX 5070 Ti 16GB GDDR7 ProArt OC Edition,19870000,17224308
GeForce RTX 5070 Ti,MSI GeForce RTX 5070 Ti 16GB GDDR7 Frieren Edition OC,19890000,17224308
GeForce RTX 5070 Ti,Asus GeForce RTX 5070 Ti 16GB GDDR7 TUF Gaming OC Edition,19920000,17224308
GeForce RTX 5070 Ti,Asus GeForce RTX 5070 Ti 16GB GDDR7 TUF Gaming White OC Edition,19990000,17224308
GeForce RTX 5070 Ti,Asus GeForce RTX 5070 Ti 16GB GDDR7 ROG Strix OC Edition,20590000,17224308
GeForce RTX 5070 Ti,Gigabyte GeForce RTX 5070 Ti 16GB GDDR7 Aorus Master - GV-N507TAORUS M-16GD,20590000,17224308
GeForce RTX 5080,Palit GeForce RTX 5080 16GB GDDR7 GamingPro,20720000,25615514
GeForce RTX 5080,Gainward GeForce RTX 5080 16GB GDDR7 - Phoenix,22339000,25615514
GeForce RTX 5080,Inno3D GeForce RTX 5080 16GB GDDR7 X3 - Enormous Cooler with TRIPLE FAN - Garansi 3 Thn,22500000,25615514
GeForce RTX 5080,GALAX GeForce RTX 5080 16GB GDDR7 (1-Click OC) - ARGB LIGHTING OVERHAUL - TRIPLE FAN - Garansi 3 Thn,22500000,25615514
GeForce RTX 5080,Inno3D GeForce RTX 5080 16GB GDDR7 X3 - Enormous Cooler with TRIPLE FAN - Garansi 3 Thn,22500000,25615514
GeForce RTX 5080,GALAX GeForce RTX 5080 16GB GDDR7 WHITE (1-Click OC) - ARGB LIGHTING OVERHAUL - TRIPLE FAN - Garansi 3 Thn,22800000,25615514
GeForce RTX 5080,Zotac GeForce RTX 5080 16GB GDDR7 SOLID CORE OC,22839000,25615514
GeForce RTX 5080,Gainward GeForce RTX 5080 16GB GDDR7 - Phoenix GS,22999000,25615514
GeForce RTX 5080,PNY GeForce RTX 5080 16GB GDDR7 OC Triple Fan,23490000,25615514
GeForce RTX 5080,Inno3D GeForce RTX 5080 16GB GDDR7 X3 OC WHITE - Enormous Cooler with TRIPLE FAN - Garansi 3 Thn,23500000,25615514
GeForce RTX 5080,Inno3D GeForce RTX 5080 16GB GDDR7 X3 OC WHITE - Enormous Cooler with TRIPLE FAN - Garansi 3 Thn,23500000,25615514
GeForce RTX 5080,Inno3D GeForce RTX 5080 16GB GDDR7 X3 OC - Enormous Cooler with TRIPLE FAN - Garansi 3 Thn,23500000,25615514
GeForce RTX 5080,PNY GeForce RTX 5080 16GB GDDR7 ARGB EPIC-X RGB OC Triple Fan,23770000,25615514
GeForce RTX 5080,GALAX GeForce RTX 5080 16GB GDDR7 HOF BLACK EDITION - ARGB EFFECT - TRIPLE FAN with HOF Extreme Cooling - Garansi 3 Thn,23800000,25615514
GeForce RTX 5080,Zotac GeForce RTX 5080 16GB GDDR7 SOLID OC White,23950000,25615514
GeForce RTX 5080,Gigabyte GeForce RTX 5080 16GB GDDR7 WindForce SFF - GV-N5080WF3-16GD,24190000,25615514
GeForce RTX 5080,iGame GeForce RTX 5080 16GB GDDR7 Ultra W OC 16GB-V,24290000,25615514
GeForce RTX 5080,Inno3D GeForce RTX 5080 16GB GDDR7 ICHILL X3 V2 - Programmable RGB - Enormous Cooler with TRIPLE FAN - Garansi 3 Thn,24500000,25615514
GeForce RTX 5080,MSI GeForce RTX 5080 16GB GDDR7 - Shadow 3X OC,25540000,25615514
GeForce RTX 5080,iGame GeForce RTX 5080 16GB GDDR7 Advanced OC 16GB-V,25820000,25615514
GeForce RTX 5080,MSI GeForce RTX 5080 16GB GDDR7 - Ventus 3X OC White,26070000,25615514
GeForce RTX 5080,MSI GeForce RTX 5080 16GB GDDR7 - Inspire 3X OC,26070000,25615514
GeForce RTX 5080,Asus GeForce RTX 5080 16GB GDDR7 PRIME OC Edition,26170000,25615514
GeForce RTX 5080,Gigabyte GeForce RTX 5080 16GB GDDR7 Gaming OC - GV-N5080GAMING OC-16GD,26190000,25615514
GeForce RTX 5080,iGame GeForce RTX 5080 16GB GDDR7 Vulcan OC 16GB-V,26330000,25615514
GeForce RTX 5080,Inno3D GeForce RTX 5080 16GB GDDR7 ICHILL FROSTBITE - ILLUMINATING RGB Lighting - Garansi 3 Thn,26800000,25615514
GeForce RTX 5080,Gigabyte GeForce RTX 5080 16GB GDDR7 WindForce OC SFF - GV-N5080WF3OC-16GD,27150000,25615514
GeForce RTX 5080,Asus GeForce RTX 5080 16GB GDDR7 TUF Gaming OC Edition,27790000,25615514
GeForce RTX 5080,Gigabyte GeForce RTX 5080 16GB GDDR7 Aorus Master ICE - GV-N5080AORUSM ICE-16GD,27950000,25615514
GeForce RTX 5080,Gigabyte GeForce RTX 5080 16GB GDDR7 Aorus Master - GV-N5080AORUS M-16GD,27950000,25615514
GeForce RTX 5080,Asus GeForce RTX 5080 16GB GDDR7 ProArt OC Edition,28790000,25615514
GeForce RTX 5080,Gigabyte GeForce RTX 5080 16GB GDDR7 Aorus Xtreme WaterForce WaterBlock - GV-N5080AORUSX WB-16GD,28990000,25615514
GeForce RTX 5080,Gigabyte GeForce RTX 5080 16GB GDDR7 Aero OC SFF - GV-N5080AERO OC-16GD,28990000,25615514
GeForce RTX 5080,Gigabyte GeForce RTX 5080 16GB GDDR7 Aorus Xtreme WaterForce - GV-N5080AORUSX W-16GD,29450000,25615514
GeForce RTX 5080,Asus GeForce RTX 5080 16GB GDDR7 Noctua OC Edition,30449000,25615514
GeForce RTX 5080,Asus GeForce RTX 5080 16GB GDDR7 ROG Astral OC Edition,31699000,25615514
GeForce RTX 5080,Asus GeForce RTX 5080 16GB GDDR7 ROG Astral White OC Edition,31889000,25615514
GeForce RTX 5090,Zotac GeForce RTX 5090 32GB GDDR7 ARCTICSTORM AIO,47899000,61334900
GeForce RTX 5090,Zotac GeForce RTX 5090 32GB GDDR7 AMP Extreme INFINITY,48395000,61334900
GeForce RTX 5090,Gigabyte GeForce RTX 5090 32GB GDDR7 WindForce - GV-N5090WF3-32GD,49990000,61334900
GeForce RTX 5090,Gigabyte GeForce RTX 5090 32GB GDDR7 WindForce OC - GV-N5090WF3OC-32GD,50390000,61334900
GeForce RTX 5090,Gigabyte GeForce RTX 5090 32GB GDDR7 Aorus Master - GV-N5090AORUS M-32GD,56150000,61334900
GeForce RTX 5090,Gigabyte GeForce RTX 5090 32GB GDDR7 Aorus Master ICE - GV-N5090AORUSM ICE-32GD,56590000,61334900
GeForce RTX 5090,Gigabyte GeForce RTX 5090 32GB GDDR7 Gaming - GV-N5090GAMING-32GD,56990000,61334900
GeForce RTX 5090,Gigabyte GeForce RTX 5090 32GB GDDR7 Aorus Xtreme WaterForce WaterBlock - GV-N5090AORUSX WB-32GD,57650000,61334900
GeForce RTX 5090,Gigabyte GeForce RTX 5090 32GB GDDR7 Aorus Xtreme WaterForce GV-N5090AORUSX W-32GD,58750000,61334900
GeForce RTX 5090,Palit GeForce RTX 5090 32GB GDDR7 GameRock,58990000,61334900
GeForce RTX 5090,PNY GeForce RTX 5090 32GB GDDR7 ARGB EPIC-X RGB OC Triple Fan,59590000,61334900
GeForce RTX 5090,Gigabyte GeForce RTX 5090 32GB GDDR7 Gaming OC - GV-N5090GAMING OC-32GD,60150000,61334900
GeForce RTX 5090,Inno3D GeForce RTX 5090 32GB GDDR7 X3 - Enormous Cooler with TRIPLE FAN - Garansi 3 Thn,62000000,61334900
GeForce RTX 5090,Inno3D GeForce RTX 5090 32GB GDDR7 X3 OC - Enormous Cooler with TRIPLE FAN - Garansi 3 Thn,63000000,61334900
GeForce RTX 5090,Palit GeForce RTX 5090 32GB GDDR7 GameRock OC,64650000,61334900
GeForce RTX 5090,Asus GeForce RTX 5090 32GB GDDR7 ROG Astral OC Edition,67290000,61334900
GeForce RTX 5090,Asus GeForce RTX 5090 32GB GDDR7 ROG Astral White OC Edition,67975000,61334900
GeForce RTX 5090,MSI GeForce RTX 5090 32GB GDDR7 - Ventus 3X OC,68500000,61334900
GeForce RTX 5090,MSI GeForce RTX 5090 32GB GDDR7 - Gaming TRIO OC,70500000,61334900
GeForce RTX 5090,MSI GeForce RTX 5090 32GB GDDR7 Lightning Z,101249000,61334900
RTX PRO 6000 Blackwell,Leadtek RTX PRO 6000 Blackwell 96GB GDDR7,223420000,223420000
RTX PRO 6000 Blackwell,Leadtek RTX PRO 6000 Blackwell Max-Q 96GB GDDR7,223420000,223420000
Radeon RX 550,Biostar Radeon RX 550 4GB DDR5,1036000,1036000
Radeon RX 5600 XT,XFX Radeon RX 5600 XT 6GB GDDR6 THICC II Pro - Dual Fan - RX-56XT6DF46 - Garansi 1Thn,2550000,2550000
Radeon RX 580,Arktek Radeon RX 580 8GB GDDR5 Cyclops - Garansi 1Thn,1650000,1931250
Radeon RX 580,XFX Radeon RX 580 8GB GDDR5 - RX-580S85DD6,1920000,1931250
Radeon RX 580,PELADN Radeon RX 580 8GB GDDR5 KaiTian - DUAL FAN - Garansi 2 Thn,2050000,1931250
Radeon RX 580,VenomRX Radeon RX 580 8GB DDR5,2105000,1931250
Radeon RX 590,VenomRX Radeon RX 590 8GB DDR5,2135000,2135000
Radeon RX 6400,Sapphire PULSE Radeon RX 6400 4GB GDDR6 Gaming,2150000,2150000
Radeon RX 6500 XT,PowerColor Radeon RX 6500 XT 4GB DDR6 Fighter,2040000,2502500
Radeon RX 6500 XT,Asus Radeon RX 6500 XT 4GB GDDR6 Dual-V2 OC Edition,2165000,2502500
Radeon RX 6500 XT,Sapphire PULSE Radeon RX 6500 XT 4GB GDDR6 ITX PURE Gaming OC,2530000,2502500
Radeon RX 6500 XT,Sapphire PULSE Radeon RX 6500 XT 4GB GDDR6 Gaming OC,2550000,2502500
Radeon RX 6500 XT,Arktek Radeon RX 6500 XT 4GB GDDR6 Cyclops - DUAL FAN - Garansi 2 Thn,2750000,2502500
Radeon RX 6500 XT,Sapphire PULSE Radeon RX 6500 XT 8GB GDDR6 Gaming OC,2980000,2502500
Radeon RX 6600,Sapphire PULSE Radeon RX 6600 8GB GDDR6 Gaming,3350000,3511000
Radeon RX 6600,PELADN Radeon RX 6600M 8GB GDDR6 - DUAL FAN - Garansi 2 Thn,3390000,3511000
Radeon RX 6600,Gigabyte Radeon RX 6600 8GB GDDR6 Eagle - GV-R66EAGLE-8GD,3793000,3511000
Radeon RX 6600 XT,XFX Radeon RX 6600 XT CORE 8GB DDR6 SPEEDSTER SWFT210 - RX-66XT8DFDQ [Brown Box] - Garansi 1Thn,4690000,4960000
Radeon RX 6600 XT,XFX Radeon RX 6600 XT BLACK 8GB DDR6 SPEEDSTER QICK308 - TRIPLE FAN - RX-66XT8LBDQ [OEM Package] - Garansi 1Thn,4990000,4960000
Radeon RX 6600 XT,XFX Radeon RX 6600 XT CORE 8GB DDR6 SPEEDSTER SWFT210 - RX-66XT8DFDQ,5200000,4960000
Radeon RX 6900 XT,XFX Radeon RX 6900 XT RGB EKWB Waterblock 16GB DDR6 SPEEDSTER ZERO - RX-69XTAWBD9,8500000,9195000
Radeon RX 6900 XT,XFX Radeon RX 6900 XT Limited BLACK 16GB GDDR6 SPEEDSTER MERC 319 - RX-69XTACSD9 [Brown Box] - Garansi 1Thn,9890000,9195000
Radeon RX 7600,ASRock Radeon RX 7600 8GB GDDR6 - Challenger 8G OC,5069000,5350667
Radeon RX 7600,PowerColor Radeon RX 7600 8GB GDDR6 Fighter,5215000,5350667
Radeon RX 7600,ASRock Radeon RX 7600 8GB GDDR6 - Steel Legend 8G OC,5285000,5350667
Radeon RX 7600,Asus Radeon RX 7600 8GB GDDR6 Dual EVO OC Edition,5295000,5350667
Radeon RX 7600,Gigabyte Radeon RX 7600 8GB GDDR6 Gaming OC - GV-R76GAMING OC-8GD,5490000,5350667
Radeon RX 7600,Sapphire PULSE Radeon RX 7600 8GB GDDR6 Gaming OC,5750000,5350667
Radeon RX 7700 XT,Sapphire PULSE Radeon RX 7700 XT 12GB GDDR6 Gaming,6950000,7480000
Radeon RX 7700 XT,Sapphire PURE Radeon RX 7700 XT 12GB GDDR6 Gaming OC,7250000,7480000
Radeon RX 7700 XT,Sapphire PURE Radeon RX 7700 XT 12GB GDDR6 FROSTPUNK 2 Limited Edition,7500000,7480000
Radeon RX 7700 XT,Sapphire NITRO+ Radeon RX 7700 XT 12GB GDDR6 Gaming OC,7850000,7480000
Radeon RX 7700 XT,Sapphire NITRO+ Radeon RX 7700 XT 12GB GDDR6 Gaming OC,7850000,7480000
Radeon RX 7800 XT,Sapphire PULSE Radeon RX 7800 XT 16GB GDDR6 Gaming,8700000,9030000
Radeon RX 7800 XT,Sapphire PURE Radeon RX 7800 XT 16GB GDDR6 Gaming OC,8900000,9030000
Radeon RX 7800 XT,ASRock Radeon RX 7800 XT 16GB GDDR6 - Challenger 16G OC,9020000,9030000
Radeon RX 7800 XT,Sapphire NITRO+ Radeon RX 7800 XT 16GB GDDR6 Gaming OC,9500000,9030000
Radeon RX 7900 XT,Asus Radeon RX 7900 XT 20GB GDDR6 TUF Gaming OC Edition,16220000,16220000
Radeon RX 7900 XTX,Sapphire PULSE Radeon RX 7900 XTX 24GB GDDR6 Gaming OC,17800000,18485000
Radeon RX 7900 XTX,ASRock Radeon RX 7900 XTX 24GB GDDR6 - Taichi White 24G OC,18155000,18485000
Radeon RX 7900 XTX,Sapphire NITRO+ Radeon RX 7900 XTX 24GB GDDR6 Gaming OC Vapor-X,19500000,18485000
Radeon RX 9060 XT 16 GB,XFX Swift AMD Radeon RX 9060 XT 16GB GDDR6 OC Gaming Edition - RX-96TSW16BQ,7670000,8822500
Radeon RX 9060 XT 16 GB,Sapphire PULSE Radeon RX 9060 XT 16GB GDDR6 Gaming OC - DUAL FAN - Garansi 2 Thn,7990000,8822500
Radeon RX 9060 XT 16 GB,Sapphire PULSE Radeon RX 9060 XT 16GB GDDR6 Gaming OC - DUAL FAN - Garansi 2 Thn,7990000,8822500
Radeon RX 9060 XT 16 GB,PowerColor Radeon RX 9060 XT 16GB GDDR6 Reaper,8309000,8822500
Radeon RX 9060 XT 16 GB,PowerColor Radeon RX 9060 XT 16GB GDDR6 Hellhound,8499000,8822500
Radeon RX 9060 XT 16 GB,Sapphire PURE Radeon RX 9060 XT 16GB GDDR6 Gaming OC - DUAL FAN - Garansi 2 Thn,8550000,8822500
Radeon RX 9060 XT 16 GB,ASRock Radeon RX 9060 XT 16GB GDDR6 Challenger OC,8550000,8822500
Radeon RX 9060 XT 16 GB,Sapphire PURE Radeon RX 9060 XT 16GB GDDR6 Gaming OC - DUAL FAN - Garansi 2 Thn,8550000,8822500
Radeon RX 9060 XT 16 GB,XFX Swift Radeon RX 9060 XT 16GB GDDR6 OC Triple Fan Gaming Edition - RX-96TS316B7,8670000,8822500
Radeon RX 9060 XT 16 GB,XFX Swift AMD Radeon RX 9060 XT 16GB GDDR6 OC White Gaming Edition - RX-96TSW16WQ,8690000,8822500
Radeon RX 9060 XT 16 GB,Gigabyte Radeon RX 9060 XT 16GB GDDR6 Gaming OC - GV-R9060XTGAMING OC-16GD,8693000,8822500
Radeon RX 9060 XT 16 GB,Sapphire NITRO+ Radeon RX 9060 XT 16GB GDDR6 Gaming OC - TRIPLE FAN - Garansi 2 Thn,8750000,8822500
Radeon RX 9060 XT 16 GB,Sapphire NITRO+ Radeon RX 9060 XT 16GB GDDR6 Gaming OC - TRIPLE FAN - Garansi 2 Thn,8750000,8822500
Radeon RX 9060 XT 16 GB,Gigabyte Radeon RX 9060 XT 16GB GDDR6 Gaming OC ICE - GV-R906XGAMINGOCICE-16GD,8790000,8822500
Radeon RX 9060 XT 16 GB,ASRock Radeon RX 9060 XT 16GB GDDR6 Steel Legend OC,8849000,8822500
Radeon RX 9060 XT 16 GB,XFX Swift Radeon RX 9060 XT 16GB GDDR6 OC White Triple Fan Gaming Edition - RX-96TS316W7,8890000,8822500
Radeon RX 9060 XT 16 GB,Asus Radeon RX 9060 XT 16GB GDDR6 Dual,9925000,8822500
Radeon RX 9060 XT 16 GB,Asus Radeon RX 9060 XT 16GB GDDR6 Dual White,9975000,8822500
Radeon RX 9060 XT 16 GB,Asus Radeon RX 9060 XT 16GB GDDR6 PRIME OC Edition,10110000,8822500
Radeon RX 9060 XT 16 GB,Asus Radeon RX 9060 XT 16GB GDDR6 TUF Gaming OC Edition,10250000,8822500
Radeon RX 9060 XT 8 GB,Sapphire PULSE Radeon RX 9060 XT 8GB GDDR6 Gaming OC - DUAL FAN - Garansi 2 Thn,5750000,6352000
Radeon RX 9060 XT 8 GB,ASRock Radeon RX 9060 XT 8GB GDDR6 Steel Legend OC,5780000,6352000
Radeon RX 9060 XT 8 GB,Asus Radeon RX 9060 XT 8GB GDDR6 Dual,6470000,6352000
Radeon RX 9060 XT 8 GB,Gigabyte Radeon RX 9060 XT 8GB GDDR6 Gaming - GV-R9060XTGAMING-8GD,6870000,6352000
Radeon RX 9060 XT 8 GB,Gigabyte Radeon RX 9060 XT 8GB GDDR6 Gaming OC - GV-R9060XTGAMING OC-8GD,6890000,6352000
Radeon RX 9070,PowerColor Radeon RX 9070 GRE 12GB GDDR6 Hellhound,10130000,11405000
Radeon RX 9070,Sapphire PULSE Radeon RX 9070 16GB GDDR6 Gaming - DUAL FAN - Garansi 2 Thn,10400000,11405000
Radeon RX 9070,Sapphire PURE Radeon RX 9070 16GB GDDR6 Gaming OC - TRIPLE FAN - Garansi 2 Thn,10700000,11405000
Radeon RX 9070,Sapphire NITRO+ Radeon RX 9070 16GB GDDR6 Gaming OC - TRIPLE FAN - Garansi 2 Thn,11200000,11405000
Radeon RX 9070,ASRock Radeon RX 9070 16GB GDDR6 Challenger,12305000,11405000
Radeon RX 9070,ASRock Radeon RX 9070 16GB GDDR6 Steel Legend OC,12450000,11405000
Radeon RX 9070,Gigabyte Radeon RX 9070 16GB GDDR6 Gaming OC - GV-R9070GAMING OC-16GD,12650000,11405000
Radeon RX 9070 XT,XFX Swift Radeon RX 9070 XT 16GB GDDR6 Triple Fan Gaming Edition - RX-97TSWF3B9,13350000,14302368
Radeon RX 9070 XT,ASRock Radeon RX 9070 XT 16GB GDDR6 Challenger,13475000,14302368
Radeon RX 9070 XT,XFX Swift Radeon RX 9070 XT 16GB GDDR6 White Triple Fan Gaming Edition - RX-97TSWF3W9,13550000,14302368
Radeon RX 9070 XT,Sapphire PULSE Radeon RX 9070 XT 16GB GDDR6 Gaming - TRIPLE FAN - Garansi 2 Thn,13680000,14302368
Radeon RX 9070 XT,ASRock Radeon RX 9070 XT 16GB GDDR6 Monster Hunter Wilds Edition,13865000,14302368
Radeon RX 9070 XT,ASRock Radeon RX 9070 XT 16GB GDDR6 Steel Legend Dark,13865000,14302368
Radeon RX 9070 XT,ASRock Radeon RX 9070 XT 16GB GDDR6 Steel Legend,13865000,14302368
Radeon RX 9070 XT,Gigabyte Radeon RX 9070 XT 16GB GDDR6 Gaming - GV-R9070XTGAMING-16GD,13950000,14302368
Radeon RX 9070 XT,Gigabyte Radeon RX 9070 XT 16GB GDDR6 Gaming OC ICE - GV-R907XGAMINGOCICE-16GD,13990000,14302368
Radeon RX 9070 XT,Gigabyte Radeon RX 9070 XT 16GB GDDR6 Gaming OC - GV-R9070XTGAMING OC-16GD,14050000,14302368
Radeon RX 9070 XT,Asus Radeon RX 9070 XT 16GB GDDR6 PRIME OC Edition,14095000,14302368
Radeon RX 9070 XT,Sapphire PURE Radeon RX 9070 XT 16GB GDDR6 Gaming OC - TRIPLE FAN - Garansi 2 Thn,14250000,14302368
Radeon RX 9070 XT,ASRock Radeon RX 9070 XT 16GB GDDR6 Taichi OC,14595000,14302368
Radeon RX 9070 XT,PowerColor Radeon RX 9070 XT 16GB GDDR6 Hellhound,14850000,14302368
Radeon RX 9070 XT,Asus Radeon RX 9070 XT 16GB GDDR6 TUF Gaming OC Edition,14950000,14302368
Radeon RX 9070 XT,Sapphire NITRO+ Radeon RX 9070 XT 16GB GDDR6 Gaming OC - TRIPLE FAN - Garansi 2 Thn,14950000,14302368
Radeon RX 9070 XT,Gigabyte Radeon RX 9070 XT 16GB GDDR6 Aorus Elite - GV-R9070XTAORUS E-16GD,15050000,14302368
Radeon RX 9070 XT,PowerColor Radeon RX 9070 XT 16GB GDDR6 Hellhound Spectral White,15395000,14302368
Radeon RX 9070 XT,ASRock Radeon RX 9070 XT 16GB GDDR6 Taichi White OC,15970000,14302368
